last_active,posts_count,activity_level,user_id,full_name,gender,age,email,country,job_title,favourite_color
2021-09-19,780,High,1,Emmalyn Dyke,Female,92,edyke0@etsy.com,Mexico,Budget/Accounting Analyst I,red
2020-12-09,677,Medium,2,Matthus Alderson,Male,39,malderson1@wordpress.org,Philippines,Developer I,green
2021-10-08,943,Medium,3,Elane Moorerud,Female,29,emoorerud2@fc2.com,Portugal,Assistant Media Planner,blue
2021-04-25,184,Medium,4,Den Inott,Male,97,dinott3@slashdot.org,Greece,Chemical Engineer,purple
2020-07-23,596,Low,5,Frank Seawright,Female,22,fseawright4@ycombinator.com,Russia,Actuary,green
2021-11-13,377,High,6,Sheppard Clandillon,Male,62,sclandillon5@gnu.org,South Africa,Director of Sales,red
2021-01-20,889,Medium,7,Tandie Castilljo,Female,64,tcastilljo6@usnews.com,Brazil,Environmental Tech,yellow
2020-10-12,320,Medium,8,Gayler Saker,Male,39,gsaker7@acquirethisname.com,Greece,Analog Circuit Design manager,green
2021-08-24,714,Medium,9,Vikky Matovic,Female,80,vmatovic8@trellian.com,Russia,Social Worker,red
2021-09-04,649,Low,10,Roderich Gaskall,Male,91,rgaskall9@nyu.edu,Poland,Graphic Designer,blue
2021-04-27,427,Medium,11,Ida Scorton,Female,90,iscortona@gravatar.com,Mayotte,Sales Associate,yellow
2020-07-08,719,Medium,12,Lilian Silson,Female,98,lsilsonb@cnet.com,Indonesia,Programmer Analyst IV,red
2021-03-20,304,Medium,13,Ryun Spinney,Male,72,rspinneyc@washingtonpost.com,Philippines,Teacher,blue
2020-08-06,307,Low,14,Jobey Larkkem,Genderfluid,39,jlarkkemd@biblegateway.com,Russia,Automation Specialist III,blue
2020-05-21,182,High,15,Moria Bader,Female,56,mbadere@boston.com,China,Statistician IV,red
2021-01-12,784,High,16,Broderic Joderli,Male,35,bjoderlif@ibm.com,Tunisia,Graphic Designer,purple
2020-05-23,696,Low,17,Birch Keilty,Male,65,bkeiltyg@twitpic.com,Brazil,Software Consultant,green
2020-02-13,78,Low,18,Chucho Digan,Male,38,cdiganh@trellian.com,France,VP Product Management,purple
2021-08-18,182,Medium,19,Yettie Waylen,Female,30,ywayleni@google.com.hk,Georgia,Programmer III,blue
2021-02-26,36,Low,20,Regine Vennart,Female,68,rvennartj@latimes.com,China,Assistant Manager,red
2021-05-13,529,Low,21,Rory Pavlata,Male,25,rpavlatak@sohu.com,China,Developer I,blue
2020-07-12,780,High,22,Julietta Duffree,Genderfluid,79,jduffreel@oracle.com,China,Associate Professor,blue
2021-03-18,520,High,23,Libby Champagne,Female,85,lchampagnem@shareasale.com,China,Clinical Specialist,green
2021-11-19,656,Medium,24,Kristien Pattillo,Female,50,kpattillon@naver.com,Norway,Environmental Tech,blue
2021-03-01,878,Medium,25,Christiana Freda,Female,68,cfredao@pagesperso-orange.fr,Canada,Associate Professor,red
2020-03-11,772,Low,26,Jeremiah Milsap,Male,19,jmilsapp@statcounter.com,Mayotte,Physical Therapy Assistant,red
2021-07-17,391,Medium,27,Breanne Edgerly,Female,69,bedgerlyq@instagram.com,Philippines,Nuclear Power Engineer,green
2020-07-15,596,Low,28,Weider Tumioto,Male,49,wtumiotor@blinklist.com,Poland,Accounting Assistant II,green
2021-03-12,781,High,29,Kipper Kassman,Male,67,kkassmans@who.int,Uzbekistan,Nurse Practicioner,red
2021-02-01,798,High,30,Josephine Sampson,Female,88,jsampsont@go.com,China,Structural Engineer,red
2021-09-13,664,High,31,Judi Tierney,Non-binary,21,jtierneyu@wordpress.com,Russia,Account Coordinator,purple
2020-03-08,911,Low,32,Aubrie Driscoll,Polygender,69,adriscollv@uol.com.br,Portugal,GIS Technical Architect,green
2021-12-24,105,High,33,Mile Hawkwood,Male,56,mhawkwoodw@patch.com,Greece,Administrative Officer,yellow
2020-07-11,303,High,34,Axe Westbrook,Male,36,awestbrookx@is.gd,Indonesia,General Manager,red
2021-05-20,317,Medium,35,Gilly MacDonagh,Female,91,gmacdonaghy@statcounter.com,Philippines,Environmental Specialist,purple
2021-04-28,197,Low,36,Charlot Daen,Female,99,cdaenz@istockphoto.com,Mongolia,Geological Engineer,red
2020-05-05,417,Medium,37,Sigismondo Quartley,Male,66,squartley10@trellian.com,China,Community Outreach Specialist,green
2020-10-28,243,Low,38,Sharai Toland,Female,20,stoland11@networkadvertising.org,Colombia,Paralegal,red
2021-10-28,516,Low,39,Raynor Baskett,Male,77,rbaskett12@shop-pro.jp,Ukraine,Staff Scientist,red
2020-07-06,935,Medium,40,Francine Andriveau,Female,79,fandriveau13@meetup.com,Indonesia,Mechanical Systems Engineer,yellow
2021-03-06,472,Low,41,Angelico Colebourne,Male,85,acolebourne14@scientificamerican.com,Indonesia,Teacher,yellow
2020-05-17,450,Low,42,Carr Menzies,Male,47,cmenzies15@vk.com,Brazil,Assistant Media Planner,blue
2021-03-08,719,Medium,43,Jacklyn Ellerey,Female,40,jellerey16@microsoft.com,Mexico,Safety Technician II,purple
2021-10-20,377,Low,44,Mabel Saker,Female,25,msaker17@fda.gov,China,Recruiting Manager,red
2021-10-11,716,Medium,45,Talbert Rustedge,Male,65,trustedge18@geocities.com,Finland,Teacher,green
2021-08-29,843,Medium,46,Helaina Castletine,Female,53,hcastletine19@phoca.cz,France,Budget/Accounting Analyst II,yellow
2020-07-16,720,Low,47,Rollin Verecker,Male,33,rverecker1a@mayoclinic.com,Russia,Recruiter,red
2020-01-08,615,Low,48,Gizela Mersh,Female,95,gmersh1b@reverbnation.com,Ukraine,Nurse Practicioner,green
2020-08-30,729,High,49,Marnie Hembling,Female,86,mhembling1c@youtu.be,Pakistan,Systems Administrator III,blue
2021-10-07,187,Low,50,Debbi Reisen,Female,83,dreisen1d@princeton.edu,Canada,Recruiter,red
2021-07-09,698,Low,51,Frederico Ianne,Male,61,fianne1e@google.de,Vietnam,Programmer III,blue
2020-05-18,445,Low,52,Ford Hynd,Male,32,fhynd1f@ucoz.com,Philippines,Cost Accountant,blue
2021-07-31,405,Medium,53,Felicio McCall,Genderfluid,99,fmccall1g@1688.com,Pakistan,Project Manager,blue
2020-06-25,519,Low,54,Darill Drews,Male,73,ddrews1h@microsoft.com,Indonesia,Research Assistant IV,green
2021-12-11,21,Low,55,Jolynn Romayne,Genderfluid,57,jromayne1i@icio.us,Philippines,Environmental Tech,red
2021-04-24,211,High,56,Angie Jedrasik,Male,38,ajedrasik1j@ucsd.edu,Japan,Web Developer III,yellow
2021-03-28,446,Low,57,Kylila Goroni,Female,23,kgoroni1k@businessweek.com,Portugal,Web Developer III,purple
2020-12-08,789,Medium,58,Imogene Missen,Genderfluid,54,imissen1l@abc.net.au,China,Desktop Support Technician,red
2021-07-01,82,Medium,59,Marcelo Roden,Male,85,mroden1m@imgur.com,Russia,Quality Control Specialist,yellow
2020-04-03,924,High,60,Maitilde Beaument,Female,94,mbeaument1n@flickr.com,Russia,Programmer Analyst IV,yellow
2020-07-11,725,High,61,Guglielmo Truggian,Genderfluid,64,gtruggian1o@home.pl,Egypt,Speech Pathologist,yellow
2021-09-14,193,High,62,Cross Luten,Male,36,cluten1p@nasa.gov,China,Actuary,green
2021-04-05,152,High,63,Angelica Bielby,Female,89,abielby1q@sitemeter.com,China,Senior Cost Accountant,blue
2021-03-04,922,Low,64,Duff Klousner,Male,22,dklousner1r@dell.com,Greece,Civil Engineer,green
2020-01-17,846,Medium,65,Lindy Rimmington,Female,20,lrimmington1s@china.com.cn,United States,VP Product Management,red
2021-12-14,137,High,66,Tina Slater,Female,62,tslater1t@barnesandnoble.com,Japan,Cost Accountant,purple
2021-11-26,723,Medium,67,Gerri Stickford,Male,39,gstickford1u@hud.gov,Brazil,Marketing Manager,yellow
2020-11-12,490,High,68,Kelley Coales,Male,41,kcoales1v@newyorker.com,Bangladesh,Civil Engineer,purple
2021-08-06,363,Low,69,Nathanil Venner,Male,36,nvenner1w@nationalgeographic.com,Afghanistan,Sales Representative,red
2020-09-10,456,Medium,70,Rozanna Redrup,Female,74,rredrup1x@is.gd,Philippines,Operator,green
2021-01-13,243,High,71,Quentin Havard,Male,78,qhavard1y@miibeian.gov.cn,China,Junior Executive,yellow
2021-04-05,591,Medium,72,Maddie Jovis,Female,67,mjovis1z@netscape.com,Indonesia,Senior Developer,yellow
2020-11-03,332,High,73,Julienne Stonebridge,Female,34,jstonebridge20@ft.com,Kosovo,Help Desk Operator,green
2021-11-08,392,Low,74,Frannie Wellman,Male,64,fwellman21@fda.gov,China,Marketing Assistant,red
2021-02-25,316,Low,75,Feodora Steeden,Genderqueer,61,fsteeden22@ebay.co.uk,Philippines,Mechanical Systems Engineer,yellow
2020-08-19,441,High,76,Aveline Rameaux,Female,65,arameaux23@yelp.com,Indonesia,Environmental Specialist,purple
2021-02-21,861,Low,77,Cleve Wainscoat,Male,21,cwainscoat24@4shared.com,Sweden,Database Administrator III,green
2020-01-16,537,Medium,78,Olia Champagne,Female,36,ochampagne25@merriam-webster.com,Indonesia,Senior Sales Associate,yellow
2020-12-15,517,High,79,Casper Hyndson,Male,27,chyndson26@simplemachines.org,China,Product Engineer,blue
2020-04-05,385,Medium,80,Jeremiah Manis,Male,58,jmanis27@msu.edu,Brazil,Senior Cost Accountant,yellow
2020-01-24,318,Medium,81,Holly-anne Casbourne,Polygender,80,hcasbourne28@bloglines.com,Russia,Programmer Analyst II,yellow
2021-05-26,641,Low,82,Sella Stollen,Female,27,sstollen29@stanford.edu,Indonesia,Environmental Tech,yellow
2021-07-05,758,Low,83,Melinde Mongain,Female,100,mmongain2a@usda.gov,China,Financial Analyst,red
2021-08-19,532,Medium,84,Ahmad Snipe,Male,30,asnipe2b@oaic.gov.au,China,Recruiting Manager,blue
2021-09-29,556,Low,85,Fran Jaggard,Female,57,fjaggard2c@chron.com,Guatemala,Media Manager II,red
2021-02-17,639,Medium,86,Leena Harrhy,Polygender,54,lharrhy2d@a8.net,Nepal,Budget/Accounting Analyst III,yellow
2020-05-15,134,Low,87,Rene Roncelli,Bigender,35,rroncelli2e@irs.gov,China,Software Test Engineer IV,green
2020-05-07,400,High,88,Morrie Foxley,Male,38,mfoxley2f@google.com.hk,Japan,Director of Sales,purple
2021-10-26,125,High,89,Peirce Roycroft,Male,82,proycroft2g@linkedin.com,Japan,Nurse Practicioner,red
2021-11-28,641,Medium,90,Hurlee Instrell,Male,27,hinstrell2h@friendfeed.com,China,Engineer II,yellow
2021-02-05,532,Medium,91,Rina Sichardt,Female,65,rsichardt2i@indiatimes.com,Sweden,Geological Engineer,purple
2021-04-17,280,High,92,Christie Dealy,Female,55,cdealy2j@myspace.com,China,Help Desk Technician,purple
2020-12-12,738,High,93,Elset Brew,Non-binary,33,ebrew2k@friendfeed.com,Malaysia,Statistician II,green
2021-06-10,846,Medium,94,Odessa Astling,Genderqueer,71,oastling2l@microsoft.com,Mexico,Human Resources Assistant I,blue
2020-02-15,820,Low,95,Ralf MacArte,Male,89,rmacarte2m@1688.com,Indonesia,Compensation Analyst,red
2020-04-18,854,High,96,Alejandra Stentiford,Female,51,astentiford2n@digg.com,Reunion,Director of Sales,blue
2021-02-02,23,Medium,97,Christian McKeown,Male,18,cmckeown2o@wisc.edu,Japan,Computer Systems Analyst II,red
2021-12-27,264,Low,98,Tamas Bradford,Male,74,tbradford2p@cafepress.com,Indonesia,Cost Accountant,blue
2020-02-20,982,Low,99,Kerrill Yarr,Female,68,kyarr2q@nature.com,Denmark,Programmer Analyst I,blue
2020-08-30,749,High,100,Mylo Hamblington,Male,73,mhamblington2r@wikimedia.org,France,Legal Assistant,yellow
2020-03-11,883,High,101,Shayna Moyles,Female,30,smoyles2s@ebay.com,Czech Republic,Software Engineer I,red
2020-11-25,970,Medium,102,Cooper Howles,Male,77,chowles2t@abc.net.au,Indonesia,Financial Analyst,purple
2021-06-25,137,Medium,103,Ulrich Matushevitz,Male,87,umatushevitz2u@toplist.cz,Portugal,Geological Engineer,green
2020-10-10,212,Medium,104,Gonzalo Froment,Male,82,gfroment2v@dion.ne.jp,Tonga,Media Manager I,yellow
2020-01-25,336,Medium,105,Henka Carriage,Female,48,hcarriage2w@angelfire.com,Indonesia,Administrative Assistant III,red
2021-04-13,53,High,106,Gianni Shickle,Male,80,gshickle2x@harvard.edu,Kenya,Software Test Engineer II,green
2021-04-24,490,Medium,107,Evy Eplett,Female,87,eeplett2y@geocities.com,United States,Senior Sales Associate,blue
2021-11-25,600,High,108,Joycelin Caldeiro,Female,93,jcaldeiro2z@sogou.com,Indonesia,Technical Writer,red
2021-07-27,383,High,109,Nial Gilardengo,Male,29,ngilardengo30@w3.org,Croatia,VP Sales,yellow
2020-05-25,275,Low,110,Barnaby Turpin,Male,58,bturpin31@umich.edu,Brazil,Statistician IV,red
2020-09-09,84,Low,111,Ignacio Spickett,Non-binary,90,ispickett32@harvard.edu,China,VP Sales,red
2020-09-04,133,Low,112,Dulce Wittrington,Female,49,dwittrington33@digg.com,Peru,Senior Sales Associate,purple
2021-07-10,609,High,113,Cicily Bulbrook,Female,50,cbulbrook34@posterous.com,Russia,Research Nurse,green
2020-08-03,706,High,114,Andreana Ide,Female,82,aide35@howstuffworks.com,Ukraine,Biostatistician IV,blue
2020-08-17,306,Low,115,Tonie Saveall,Female,23,tsaveall36@blogtalkradio.com,Philippines,Account Representative II,yellow
2020-04-03,89,Medium,116,Petr Gallaway,Genderqueer,94,pgallaway37@patch.com,Papua New Guinea,VP Sales,purple
2020-04-12,251,High,117,Jarred Clohessy,Male,45,jclohessy38@discuz.net,Ukraine,Budget/Accounting Analyst IV,purple
2021-06-02,11,Low,118,Jenica Yakovitch,Female,42,jyakovitch39@networkadvertising.org,China,Director of Sales,green
2020-05-01,713,High,119,Tanner Snugg,Male,60,tsnugg3a@opera.com,Indonesia,Executive Secretary,green
2020-01-02,461,Low,120,Roley Hartwell,Male,54,rhartwell3b@google.ru,France,Environmental Tech,yellow
2020-10-18,960,Low,121,Nonna Necrews,Bigender,92,nnecrews3c@technorati.com,Portugal,Research Assistant I,blue
2021-03-01,896,Low,122,Laurene Oven,Female,59,loven3d@mayoclinic.com,Albania,Programmer II,purple
2021-05-05,184,Medium,123,Thea Lowdyane,Female,31,tlowdyane3e@photobucket.com,Indonesia,Actuary,yellow
2021-09-16,703,Low,124,Reiko Hallgarth,Female,100,rhallgarth3f@sogou.com,Chile,Paralegal,yellow
2020-04-13,37,Low,125,Andree Cearley,Female,94,acearley3g@yahoo.co.jp,Nigeria,Software Engineer I,red
2020-06-04,985,Low,126,Teodorico Stairmond,Male,48,tstairmond3h@gizmodo.com,China,VP Product Management,green
2020-02-16,773,Medium,127,Lock Giovannoni,Male,73,lgiovannoni3i@mozilla.org,Ukraine,Teacher,red
2020-04-11,157,Medium,128,Huey Kilduff,Male,81,hkilduff3j@cdc.gov,Poland,Staff Scientist,green
2020-01-25,159,Low,129,Lorette Polly,Female,70,lpolly3k@github.io,Brazil,Project Manager,blue
2020-11-24,408,Medium,130,Keane Jacqueminot,Male,41,kjacqueminot3l@vk.com,Russia,Financial Advisor,blue
2021-10-26,95,Medium,131,Annmaria De Ferraris,Female,54,ade3m@t-online.de,Portugal,Chief Design Engineer,red
2020-02-19,502,Low,132,Sylvan Greenset,Male,30,sgreenset3n@miibeian.gov.cn,Philippines,Assistant Manager,blue
2021-04-02,21,Medium,133,Della MacCrackan,Female,52,dmaccrackan3o@themeforest.net,Indonesia,Librarian,red
2021-04-24,177,Low,134,Araldo Miskelly,Male,27,amiskelly3p@wisc.edu,Portugal,Financial Analyst,yellow
2021-04-15,813,Medium,135,Isobel Biagi,Female,25,ibiagi3q@symantec.com,Dominican Republic,Electrical Engineer,blue
2020-01-08,471,Medium,136,Carling Archanbault,Male,94,carchanbault3r@nationalgeographic.com,Sweden,Financial Advisor,purple
2020-10-09,222,Low,137,Sandye Kirvin,Female,43,skirvin3s@scientificamerican.com,Russia,Operator,green
2020-08-20,1,Low,138,Gaston Bagg,Agender,88,gbagg3t@last.fm,Chile,Quality Control Specialist,purple
2020-04-23,966,High,139,Ivan Balazin,Male,39,ibalazin3u@mac.com,Russia,Staff Accountant I,blue
2021-08-08,604,High,140,Jamal Thying,Male,68,jthying3v@discuz.net,China,Professor,purple
2021-04-13,27,High,141,Maud Tacon,Female,36,mtacon3w@taobao.com,China,Design Engineer,yellow
2021-01-26,782,High,142,Ardeen Fairpo,Female,60,afairpo3x@xinhuanet.com,United States,Analyst Programmer,purple
2020-10-31,943,Low,143,Torre Bitterton,Male,30,tbitterton3y@plala.or.jp,Guatemala,VP Quality Control,purple
2020-07-25,390,Low,144,Dara Knowlman,Female,34,dknowlman3z@shutterfly.com,Cameroon,Web Designer II,purple
2021-01-12,138,High,145,Duke Clemence,Male,100,dclemence40@tinypic.com,China,Civil Engineer,purple
2021-03-11,180,Low,146,Mischa Tacon,Male,27,mtacon41@360.cn,Argentina,Mechanical Systems Engineer,green
2021-06-07,898,Low,147,Magda Keuning,Female,38,mkeuning42@sun.com,United States,Electrical Engineer,red
2021-11-10,185,Low,148,Dulcinea Truran,Female,95,dtruran43@angelfire.com,Russia,Financial Analyst,green
2021-06-08,310,High,149,Brook Curnow,Female,21,bcurnow44@stumbleupon.com,Thailand,Teacher,green
2021-11-09,387,High,150,Callie Zylberdik,Female,37,czylberdik45@a8.net,Indonesia,Junior Executive,green
2020-03-17,725,Medium,151,Denis Charville,Male,80,dcharville46@wordpress.org,Ireland,Software Consultant,yellow
2020-10-31,542,High,152,Jacky McLardie,Female,94,jmclardie47@bbb.org,China,Structural Analysis Engineer,purple
2021-11-05,245,High,153,Karney Bosenworth,Male,35,kbosenworth48@icq.com,Sweden,Environmental Tech,yellow
2021-07-28,754,High,154,Meryl Knoton,Female,70,mknoton49@amazon.de,Egypt,Database Administrator II,purple
2021-10-29,998,Low,155,Merrie Taffurelli,Female,78,mtaffurelli4a@sciencedaily.com,Iran,Accounting Assistant IV,red
2020-02-15,824,Low,156,Rayna Coche,Female,74,rcoche4b@disqus.com,Guatemala,Web Developer II,red
2020-09-13,892,High,157,Ricoriki Caile,Male,51,rcaile4c@marriott.com,Russia,Account Executive,red
2020-05-11,251,Low,158,Appolonia Langdale,Female,65,alangdale4d@ifeng.com,Vietnam,Account Coordinator,blue
2020-01-05,222,Medium,159,Vikki Dwelley,Female,71,vdwelley4e@facebook.com,Nigeria,Speech Pathologist,yellow
2021-08-21,428,Medium,160,Celle Trouncer,Female,25,ctrouncer4f@fastcompany.com,China,Account Coordinator,red
2020-11-14,798,Low,161,Alfy Glaister,Polygender,57,aglaister4g@nationalgeographic.com,Thailand,Senior Editor,blue
2021-12-29,835,Medium,162,Janine Minico,Female,59,jminico4h@ezinearticles.com,Israel,Developer II,purple
2020-03-08,711,Medium,163,Farris Snawdon,Male,30,fsnawdon4i@histats.com,Zimbabwe,Computer Systems Analyst II,purple
2020-10-22,225,Low,164,Carleen Sunnex,Female,56,csunnex4j@apache.org,Indonesia,Paralegal,purple
2020-10-02,229,Medium,165,Kinnie Climance,Male,59,kclimance4k@google.ca,Indonesia,Recruiting Manager,yellow
2020-06-11,847,Medium,166,Kelly Norris,Bigender,38,knorris4l@nature.com,Russia,Web Designer IV,green
2020-04-09,173,Medium,167,Finlay Kalinsky,Male,23,fkalinsky4m@diigo.com,Portugal,Business Systems Development Analyst,red
2021-05-26,309,Low,168,Maren Plose,Female,20,mplose4n@fema.gov,Indonesia,Software Consultant,purple
2021-04-10,405,Medium,169,Morie Lippitt,Male,21,mlippitt4o@princeton.edu,Nigeria,Electrical Engineer,red
2021-10-18,294,Medium,170,Jorge Fehner,Male,22,jfehner4p@ycombinator.com,Sweden,Research Assistant II,green
2020-01-06,352,Medium,171,Louisette Aitken,Female,75,laitken4q@upenn.edu,Palestinian Territory,Speech Pathologist,blue
2021-06-03,686,Low,172,Byrom Revie,Male,80,brevie4r@tripod.com,Canada,Associate Professor,red
2021-11-17,45,Low,173,Rosco Stoak,Male,99,rstoak4s@nhs.uk,United States,Accountant I,green
2021-02-21,958,Medium,174,Ilise Parnell,Female,95,iparnell4t@china.com.cn,France,Geologist IV,yellow
2020-10-21,530,Medium,175,Bibbie Headland,Female,65,bheadland4u@webmd.com,North Korea,Speech Pathologist,yellow
2021-06-26,432,Low,176,Ogdan Dumper,Genderqueer,20,odumper4v@home.pl,Philippines,Pharmacist,blue
2021-01-26,160,High,177,Hattie Masarrat,Female,91,hmasarrat4w@tripod.com,China,Systems Administrator I,purple
2020-09-09,521,High,178,Bernard Warkup,Male,87,bwarkup4x@fda.gov,Yemen,Information Systems Manager,green
2021-05-10,933,Low,179,Vidovik Letherbury,Non-binary,87,vletherbury4y@nhs.uk,China,Financial Analyst,green
2020-10-16,361,Medium,180,Jere Penwright,Female,97,jpenwright4z@artisteer.com,Portugal,Senior Quality Engineer,yellow
2020-03-23,188,Low,181,Gaelan O'Mannion,Male,58,gomannion50@xing.com,Portugal,Human Resources Assistant I,green
2020-01-30,584,Low,182,Filmer Coveney,Male,88,fcoveney51@flavors.me,Russia,Programmer IV,blue
2021-09-20,385,Low,183,Roxana Doige,Female,79,rdoige52@i2i.jp,Czech Republic,Systems Administrator II,blue
2020-07-20,881,High,184,Dulsea Eastmead,Bigender,33,deastmead53@baidu.com,Indonesia,Nuclear Power Engineer,red
2020-07-04,753,High,185,Tremain Tellenbrook,Male,34,ttellenbrook54@princeton.edu,Philippines,Research Assistant I,purple
2020-02-04,68,Medium,186,Oran Birtwhistle,Male,18,obirtwhistle55@surveymonkey.com,Thailand,Desktop Support Technician,blue
2020-07-16,178,Medium,187,Debora Balentyne,Female,67,dbalentyne56@pinterest.com,Zimbabwe,Actuary,yellow
2020-05-17,859,Medium,188,Caressa Paulot,Female,52,cpaulot57@ucla.edu,Ukraine,Accounting Assistant I,green
2021-12-15,959,High,189,Derk Gaudin,Male,87,dgaudin58@rambler.ru,Albania,Programmer I,purple
2020-01-25,589,Low,190,Ashbey Kingaby,Male,55,akingaby59@abc.net.au,Philippines,Staff Scientist,red
2021-08-14,677,High,191,Cati Overell,Female,81,coverell5a@deviantart.com,Belarus,Senior Financial Analyst,purple
2021-12-18,799,High,192,Katleen Mityakov,Genderfluid,76,kmityakov5b@whitehouse.gov,Brazil,Office Assistant III,red
2021-03-23,963,Low,193,Iseabal Denizet,Female,32,idenizet5c@facebook.com,China,Research Nurse,blue
2021-10-07,288,Low,194,Farrah Slate,Female,21,fslate5d@e-recht24.de,Canada,Recruiting Manager,green
2021-08-29,103,High,195,Otes Faulder,Male,84,ofaulder5e@ustream.tv,Poland,Recruiter,purple
2020-05-15,190,Medium,196,Kelcey Dennert,Female,85,kdennert5f@live.com,China,Nurse Practicioner,yellow
2021-03-27,469,High,197,Vittoria Bearcock,Female,63,vbearcock5g@berkeley.edu,Sweden,Compensation Analyst,blue
2020-04-21,581,Low,198,Nollie Corse,Male,49,ncorse5h@reddit.com,Portugal,Research Associate,blue
2021-05-31,60,Medium,199,Liesa Borghese,Female,88,lborghese5i@ucoz.com,Indonesia,Information Systems Manager,yellow
2021-07-27,835,Medium,200,Cornelius Breukelman,Male,77,cbreukelman5j@ox.ac.uk,Indonesia,Professor,red
2021-04-09,929,Medium,201,Hiram Sodor,Male,44,hsodor5k@cloudflare.com,China,Compensation Analyst,blue
2020-09-17,298,Low,202,Boonie Owen,Male,40,bowen5l@goodreads.com,Thailand,Senior Financial Analyst,yellow
2020-11-07,174,Medium,203,Sullivan Branson,Male,49,sbranson5m@shinystat.com,China,Software Consultant,green
2020-09-26,578,High,204,Fay Batting,Female,35,fbatting5n@nsw.gov.au,Philippines,GIS Technical Architect,red
2020-12-04,804,Medium,205,Cale Stringfellow,Male,26,cstringfellow5o@hhs.gov,China,Accounting Assistant I,purple
2021-09-03,469,Low,206,Haywood Killough,Male,88,hkillough5p@eepurl.com,China,Account Representative I,red
2021-07-15,100,Medium,207,Teresa Pochon,Female,56,tpochon5q@google.ru,China,Librarian,yellow
2021-04-03,405,Medium,208,Cal Lomansey,Male,53,clomansey5r@meetup.com,Pakistan,Budget/Accounting Analyst III,red
2020-02-19,863,Low,209,Yvon Oganesian,Male,60,yoganesian5s@over-blog.com,Russia,Automation Specialist I,red
2021-01-02,390,Low,210,Herbie Doddridge,Male,39,hdoddridge5t@va.gov,Kyrgyzstan,Chemical Engineer,blue
2020-10-29,726,High,211,Antoni Innett,Male,71,ainnett5u@icq.com,Russia,Human Resources Assistant I,green
2021-05-27,687,High,212,Guillaume Lethley,Male,40,glethley5v@deliciousdays.com,Portugal,Recruiting Manager,blue
2020-12-21,325,Low,213,Jude Hartless,Male,97,jhartless5w@yelp.com,Brazil,Senior Sales Associate,blue
2020-08-20,139,High,214,Elena Roberts,Female,86,eroberts5x@timesonline.co.uk,Japan,VP Product Management,red
2020-12-18,380,High,215,Cristen Fominov,Female,91,cfominov5y@wunderground.com,Japan,Help Desk Operator,yellow
2021-04-17,790,High,216,Nev Ricardin,Bigender,98,nricardin5z@vk.com,Russia,Environmental Specialist,green
2020-01-08,930,Medium,217,Penrod Michael,Male,80,pmichael60@imgur.com,Japan,Actuary,green
2021-10-27,204,Medium,218,Tristan Strathe,Male,72,tstrathe61@networksolutions.com,Egypt,VP Sales,purple
2020-03-27,317,Medium,219,Morissa Ockleshaw,Female,47,mockleshaw62@globo.com,Indonesia,Engineer II,red
2020-07-04,81,Medium,220,Elmer Redgate,Male,38,eredgate63@seattletimes.com,United States,Media Manager I,blue
2020-06-12,101,Medium,221,Oliviero Gibbe,Male,33,ogibbe64@sohu.com,Indonesia,Recruiter,blue
2020-01-27,328,Low,222,Terrence Goade,Male,40,tgoade65@vk.com,Sweden,Electrical Engineer,yellow
2020-07-08,701,Medium,223,Lucius Hardware,Male,69,lhardware66@nydailynews.com,China,Librarian,purple
2020-02-22,714,Medium,224,Ruthi Storm,Female,88,rstorm67@google.com.hk,Burundi,Financial Analyst,yellow
2020-12-18,909,Medium,225,Buffy Jackson,Female,79,bjackson68@bandcamp.com,China,Chemical Engineer,purple
2021-12-23,951,Medium,226,Diane-marie Akitt,Genderqueer,72,dakitt69@thetimes.co.uk,Brazil,Civil Engineer,green
2021-06-01,831,High,227,Thaddus Greswell,Male,32,tgreswell6a@hhs.gov,Norway,Desktop Support Technician,purple
2020-09-17,325,Medium,228,Mireielle Breeder,Female,19,mbreeder6b@un.org,Bolivia,Geological Engineer,green
2020-12-20,77,Low,229,Lelia Crawford,Female,91,lcrawford6c@gov.uk,United States,Environmental Tech,green
2021-09-28,100,Medium,230,Sharai Dove,Female,40,sdove6d@illinois.edu,Indonesia,Civil Engineer,green
2021-10-03,257,Low,231,Nickola Origan,Male,58,norigan6e@economist.com,Indonesia,Paralegal,yellow
2021-04-22,735,Low,232,Virgilio Treacy,Male,74,vtreacy6f@php.net,Ukraine,Structural Analysis Engineer,red
2020-11-08,512,Low,233,Josi Rawsthorne,Female,61,jrawsthorne6g@livejournal.com,Guadeloupe,Senior Developer,red
2021-12-28,244,High,234,Domini Goodspeed,Female,88,dgoodspeed6h@walmart.com,China,Editor,red
2021-02-27,832,Medium,235,Casey Gatenby,Female,46,cgatenby6i@com.com,Indonesia,Office Assistant II,red
2021-01-18,356,Low,236,Victoir Cray,Male,49,vcray6j@ucsd.edu,United States,Data Coordinator,purple
2021-07-23,734,Low,237,Lowe Cockshott,Male,58,lcockshott6k@networkadvertising.org,Malaysia,Budget/Accounting Analyst III,purple
2020-10-30,249,Medium,238,Demeter Gornall,Female,80,dgornall6l@boston.com,Peru,Operator,green
2020-03-19,268,High,239,Carroll Lydall,Male,37,clydall6m@buzzfeed.com,China,VP Marketing,green
2021-06-25,36,High,240,Reggi Latta,Female,86,rlatta6n@rediff.com,Indonesia,Programmer Analyst III,purple
2020-07-23,420,High,241,Valentin Lattimer,Male,25,vlattimer6o@shop-pro.jp,Malaysia,Analyst Programmer,red
2021-01-02,135,High,242,Sarina Denziloe,Non-binary,97,sdenziloe6p@ask.com,Sri Lanka,Analyst Programmer,red
2021-06-20,142,High,243,Oswell Sturgeon,Male,94,osturgeon6q@fotki.com,China,Financial Advisor,green
2020-06-27,90,Medium,244,Ferdie Ashingden,Male,30,fashingden6r@ustream.tv,Indonesia,General Manager,green
2020-09-01,583,High,245,Willey Windibank,Male,77,wwindibank6s@deliciousdays.com,Greece,Business Systems Development Analyst,green
2021-12-13,857,Low,246,Corny Stancer,Male,49,cstancer6t@over-blog.com,Malaysia,Product Engineer,blue
2020-01-27,777,Medium,247,Saul Withers,Genderqueer,49,swithers6u@vimeo.com,China,VP Sales,red
2021-07-11,308,Medium,248,Rouvin Oswell,Male,34,roswell6v@google.de,Sweden,Research Nurse,red
2020-04-18,254,High,249,Herb Kyttor,Male,81,hkyttor6w@ustream.tv,China,Software Engineer I,yellow
2020-02-01,210,High,250,Susi Amps,Female,80,samps6x@wordpress.com,Indonesia,Assistant Media Planner,yellow
2020-11-02,557,Medium,251,Alyssa Croxall,Genderqueer,30,acroxall6y@army.mil,Tunisia,Office Assistant IV,purple
2021-04-06,467,Low,252,Terrance Caret,Male,56,tcaret6z@4shared.com,China,Research Assistant II,red
2021-12-13,646,High,253,Willis Cattermole,Male,60,wcattermole70@about.me,France,Programmer I,purple
2020-08-12,870,Medium,254,Filberte Mauditt,Male,89,fmauditt71@unicef.org,Micronesia,Office Assistant II,red
2020-02-11,813,High,255,Danica McManus,Female,50,dmcmanus72@amazon.de,Indonesia,Nurse Practicioner,purple
2020-03-29,56,Medium,256,Ulrikaumeko Bromby,Female,54,ubromby73@xinhuanet.com,Germany,VP Product Management,blue
2021-03-02,445,Medium,257,Tommy Disbrow,Male,29,tdisbrow74@nationalgeographic.com,Finland,Project Manager,purple
2020-04-24,956,Medium,258,Pamella Donkersley,Female,53,pdonkersley75@spiegel.de,China,Help Desk Operator,red
2020-06-08,807,Low,259,Finn Lacy,Male,99,flacy76@forbes.com,China,Administrative Assistant I,purple
2020-08-19,850,Medium,260,Leroi Colleford,Male,97,lcolleford77@wikia.com,Latvia,Civil Engineer,blue
2021-12-18,678,Medium,261,Egon Lyven,Male,81,elyven78@walmart.com,Micronesia,Chemical Engineer,green
2020-08-11,938,Low,262,Gayle Pottage,Male,44,gpottage79@nymag.com,Costa Rica,Software Consultant,green
2020-10-27,408,Medium,263,Shelli Lowle,Female,96,slowle7a@infoseek.co.jp,Japan,Payment Adjustment Coordinator,green
2020-08-21,122,Medium,264,Monte Ransom,Male,100,mransom7b@odnoklassniki.ru,Peru,Structural Analysis Engineer,purple
2021-06-10,227,Low,265,Gustaf Newbery,Male,100,gnewbery7c@wikipedia.org,Palau,Product Engineer,green
2021-04-25,277,High,266,Beck Olyunin,Male,87,bolyunin7d@techcrunch.com,Indonesia,Geologist III,green
2020-02-14,571,Medium,267,Antonius Shelp,Male,40,ashelp7e@forbes.com,Greece,Project Manager,blue
2021-07-24,295,High,268,Alexio Fortie,Non-binary,19,afortie7f@narod.ru,China,Pharmacist,yellow
2020-09-21,685,High,269,Mareah Clementet,Female,44,mclementet7g@bravesites.com,Sweden,Senior Sales Associate,green
2021-10-31,532,High,270,Wyndham Woolland,Male,75,wwoolland7h@cargocollective.com,Vietnam,Help Desk Operator,red
2020-06-18,407,Low,271,Collen Jiroudek,Female,34,cjiroudek7i@hostgator.com,China,Product Engineer,red
2021-10-07,18,Low,272,Mellisa Atwood,Female,82,matwood7j@si.edu,Botswana,General Manager,red
2020-02-03,999,Low,273,Walker Chuck,Male,19,wchuck7k@google.com,Brazil,VP Product Management,purple
2020-10-13,16,High,274,Denice McCudden,Female,55,dmccudden7l@networkadvertising.org,China,Senior Sales Associate,red
2020-12-23,894,Low,275,Wilt Harby,Male,51,wharby7m@nba.com,Philippines,VP Sales,purple
2021-09-10,678,Medium,276,Paula Dawes,Genderqueer,59,pdawes7n@mapquest.com,Uzbekistan,Programmer III,red
2021-09-07,895,Low,277,Hermia Swaddle,Female,52,hswaddle7o@marriott.com,Poland,Programmer I,blue
2021-06-28,257,Low,278,Storm Cater,Female,84,scater7p@gravatar.com,Mexico,Computer Systems Analyst I,yellow
2020-12-19,613,High,279,Meridel Hopkynson,Female,27,mhopkynson7q@blog.com,China,Professor,yellow
2021-10-05,827,Low,280,Shermy Baudasso,Male,79,sbaudasso7r@sogou.com,China,Research Nurse,blue
2021-02-20,972,Low,281,Felicity Issakov,Female,70,fissakov7s@arizona.edu,China,Software Test Engineer II,red
2021-01-22,244,Medium,282,Jeremie Carman,Male,21,jcarman7t@ftc.gov,China,Data Coordinator,purple
2021-02-16,671,Medium,283,Garrek Rollason,Male,59,grollason7u@usgs.gov,Hungary,Nurse,blue
2020-09-24,406,High,284,Sherwin Chomley,Male,44,schomley7v@privacy.gov.au,Russia,Software Engineer I,purple
2020-02-09,202,Low,285,Heda Dimitresco,Female,45,hdimitresco7w@netvibes.com,Ireland,Automation Specialist II,red
2020-02-26,527,High,286,Egbert Pendre,Male,83,ependre7x@exblog.jp,Mexico,Graphic Designer,red
2020-07-23,684,Low,287,Shurlock Cortnay,Male,52,scortnay7y@typepad.com,Dominican Republic,Safety Technician III,green
2020-05-10,782,Low,288,Noll Satford,Male,65,nsatford7z@cnn.com,Philippines,Sales Representative,red
2021-10-08,570,High,289,Sloan Febvre,Male,80,sfebvre80@utexas.edu,Palestinian Territory,Administrative Assistant III,blue
2020-06-28,116,High,290,Teddie Le feuvre,Non-binary,60,tle81@bigcartel.com,Ukraine,Quality Engineer,red
2020-03-01,310,Low,291,Bucky Pendreigh,Male,59,bpendreigh82@dot.gov,Japan,Product Engineer,green
2021-08-11,592,High,292,Pierette Brodhead,Female,23,pbrodhead83@upenn.edu,Poland,Information Systems Manager,purple
2021-10-02,553,Medium,293,Carolina Pocknoll,Female,36,cpocknoll84@microsoft.com,Canada,Account Representative III,green
2021-03-21,738,Low,294,Lexis Shimmans,Female,74,lshimmans85@reverbnation.com,China,Web Developer III,blue
2021-02-15,158,Low,295,Benjamen Kauschke,Male,93,bkauschke86@shop-pro.jp,China,Tax Accountant,yellow
2021-12-18,780,Low,296,Deane Brayne,Female,30,dbrayne87@youtu.be,Indonesia,Information Systems Manager,green
2021-09-22,72,High,297,Joanie Dadds,Female,46,jdadds88@bravesites.com,China,Research Associate,green
2021-01-12,815,High,298,Humfrey Avrahamoff,Male,69,havrahamoff89@google.com,China,Project Manager,green
2021-06-28,59,High,299,Vere Bapty,Polygender,97,vbapty8a@printfriendly.com,Indonesia,Analyst Programmer,red
2021-12-30,565,High,300,Arlan Tancock,Male,80,atancock8b@bigcartel.com,Greece,Analog Circuit Design manager,purple
2020-01-20,523,Medium,301,Mada Hebbs,Polygender,75,mhebbs8c@goo.ne.jp,Greece,Marketing Manager,yellow
2021-07-06,464,High,302,Kate Michelle,Female,29,kmichelle8d@purevolume.com,Tanzania,Analog Circuit Design manager,purple
2021-12-23,716,High,303,Benson Sicily,Male,72,bsicily8e@free.fr,Sweden,Statistician III,yellow
2021-03-13,5,High,304,Caroline McCook,Female,100,cmccook8f@live.com,Sweden,Recruiter,green
2021-12-29,834,High,305,Ade Rauprich,Male,33,arauprich8g@epa.gov,Ukraine,Administrative Officer,yellow
2021-01-10,987,Low,306,Barris Huntingdon,Male,72,bhuntingdon8h@ow.ly,Philippines,Biostatistician I,yellow
2020-11-17,259,High,307,Frasier Burchatt,Male,49,fburchatt8i@drupal.org,Vietnam,Assistant Manager,blue
2021-07-14,667,Medium,308,Reggy Wherrit,Male,19,rwherrit8j@wiley.com,Thailand,Systems Administrator I,purple
2021-08-12,93,Medium,309,Annora Radmore,Female,81,aradmore8k@over-blog.com,Russia,Pharmacist,red
2020-02-18,596,Medium,310,Linus Brugden,Male,75,lbrugden8l@mac.com,China,Marketing Manager,yellow
2021-05-25,234,Low,311,Lancelot Trewartha,Genderqueer,54,ltrewartha8m@adobe.com,Indonesia,Programmer IV,purple
2021-01-04,110,High,312,Brock Sandey,Male,61,bsandey8n@usa.gov,Indonesia,General Manager,blue
2021-01-19,676,Medium,313,Gael Flitcroft,Female,53,gflitcroft8o@webeden.co.uk,Mali,Desktop Support Technician,blue
2020-09-30,890,High,314,Sasha Anthon,Female,33,santhon8p@ameblo.jp,Croatia,Sales Representative,red
2021-12-06,556,Medium,315,Nobe Coie,Male,73,ncoie8q@paginegialle.it,Peru,Software Engineer I,blue
2021-09-01,768,Medium,316,Duff Ewington,Male,58,dewington8r@telegraph.co.uk,Ukraine,Geological Engineer,purple
2020-10-23,976,Low,317,Corrie Sharpous,Genderqueer,24,csharpous8s@elpais.com,China,Internal Auditor,green
2020-10-15,183,Medium,318,Alyse Zebedee,Female,32,azebedee8t@dagondesign.com,Indonesia,Graphic Designer,yellow
2020-12-26,177,Low,319,Sybyl Llewelyn,Female,98,sllewelyn8u@ucla.edu,Russia,Assistant Media Planner,yellow
2021-02-28,732,Medium,320,Zabrina Mabbett,Female,78,zmabbett8v@symantec.com,France,Statistician II,green
2020-10-20,215,High,321,Anastassia Buddle,Female,51,abuddle8w@dell.com,Haiti,Statistician IV,red
2020-11-13,175,Low,322,Morley Pattington,Male,75,mpattington8x@clickbank.net,China,Health Coach IV,yellow
2020-08-01,512,Medium,323,Jaclyn de Zamora,Female,18,jde8y@fotki.com,Indonesia,VP Marketing,purple
2020-08-05,724,Low,324,Reuben O'Grogane,Male,83,rogrogane8z@cdbaby.com,France,Dental Hygienist,yellow
2021-02-26,848,High,325,Danya Burchnall,Female,40,dburchnall90@people.com.cn,China,Paralegal,purple
2020-03-12,746,Medium,326,Ephraim Wagge,Male,79,ewagge91@mashable.com,France,Product Engineer,purple
2020-05-29,579,Low,327,Vinnie Ales,Female,46,vales92@jimdo.com,China,Nuclear Power Engineer,red
2021-01-14,764,Low,328,Merla Kobisch,Female,84,mkobisch93@omniture.com,China,Automation Specialist IV,yellow
2021-06-08,737,Medium,329,Joey Jouning,Male,31,jjouning94@msu.edu,Vietnam,Quality Engineer,red
2020-10-20,800,High,330,Wilden Tarbin,Male,98,wtarbin95@webeden.co.uk,China,Account Representative I,green
2021-09-29,507,Medium,331,Anita Pudsall,Female,71,apudsall96@spotify.com,Greece,Structural Engineer,purple
2020-08-08,680,Medium,332,Bellanca Maben,Female,78,bmaben97@smh.com.au,Armenia,Graphic Designer,red
2021-06-12,41,Medium,333,Dudley Pyne,Male,95,dpyne98@abc.net.au,France,Web Designer I,yellow
2021-01-17,733,Medium,334,Haley Harbach,Female,38,hharbach99@cbc.ca,Paraguay,Product Engineer,blue
2020-12-02,180,High,335,Jolie Romaynes,Female,42,jromaynes9a@sciencedirect.com,Philippines,Compensation Analyst,yellow
2021-12-24,123,High,336,Ulrick Glasgow,Bigender,63,uglasgow9b@shutterfly.com,Peru,Software Consultant,purple
2021-06-21,445,Low,337,Donny Pollins,Female,39,dpollins9c@webmd.com,Colombia,Product Engineer,yellow
2021-07-13,797,High,338,Gaven Broyd,Male,21,gbroyd9d@t.co,Czech Republic,Help Desk Operator,purple
2020-06-16,654,Low,339,Danie Vipan,Genderqueer,55,dvipan9e@theatlantic.com,Burundi,Food Chemist,red
2020-06-22,140,Low,340,Abraham Ferrini,Male,73,aferrini9f@discuz.net,Egypt,Safety Technician IV,blue
2020-01-25,338,High,341,Ofilia Jeffcoate,Female,31,ojeffcoate9g@wufoo.com,China,Automation Specialist II,purple
2020-04-20,20,Low,342,Yoshiko Berrecloth,Female,93,yberrecloth9h@uiuc.edu,Portugal,Software Engineer III,blue
2020-09-16,261,Low,343,Lorilyn Eads,Female,48,leads9i@free.fr,Indonesia,Help Desk Technician,blue
2020-11-26,480,Medium,344,Tobi Fowle,Female,47,tfowle9j@engadget.com,Vietnam,Social Worker,green
2021-05-14,329,Medium,345,Ciel Luxen,Female,78,cluxen9k@barnesandnoble.com,Japan,Environmental Specialist,blue
2021-08-18,810,Medium,346,Jillane Brundale,Female,75,jbrundale9l@theglobeandmail.com,Indonesia,Teacher,yellow
2020-06-15,898,High,347,Gale Flaherty,Female,31,gflaherty9m@intel.com,Jamaica,Analog Circuit Design manager,red
2021-03-25,887,High,348,Benji Beardsell,Male,30,bbeardsell9n@psu.edu,Cameroon,Assistant Media Planner,blue
2020-12-16,177,High,349,Shirley Buntine,Female,21,sbuntine9o@hatena.ne.jp,Czech Republic,Nurse,red
2021-03-06,683,Medium,350,Abdel Edelheit,Male,18,aedelheit9p@diigo.com,Indonesia,Mechanical Systems Engineer,purple
2020-12-15,345,High,351,Aurelea Lowden,Female,68,alowden9q@gov.uk,Poland,Media Manager II,yellow
2020-09-19,21,High,352,Gran Dunkinson,Male,40,gdunkinson9r@msn.com,El Salvador,Health Coach III,purple
2021-10-07,451,Medium,353,Nat Alway,Agender,50,nalway9s@google.it,Democratic Republic of the Congo,Operator,yellow
2021-04-28,141,High,354,Tammara Franciottoi,Bigender,41,tfranciottoi9t@sun.com,Brazil,Programmer III,blue
2020-02-03,454,Low,355,Dehlia Arthan,Polygender,76,darthan9u@pagesperso-orange.fr,Argentina,Programmer III,green
2021-12-27,47,Low,356,Edd Klageman,Male,95,eklageman9v@usnews.com,Brazil,Accountant IV,green
2020-06-25,18,Medium,357,Theresa Emms,Female,32,temms9w@soundcloud.com,Bulgaria,Paralegal,blue
2021-09-21,626,High,358,Sophronia Misson,Female,79,smisson9x@imageshack.us,Niger,Technical Writer,purple
2021-09-25,639,High,359,Morten Slopier,Male,19,mslopier9y@huffingtonpost.com,Philippines,Database Administrator IV,purple
2020-10-20,574,Low,360,Myrilla Edinburough,Female,81,medinburough9z@aol.com,China,Electrical Engineer,green
2020-11-15,783,Medium,361,Elihu Cluse,Male,73,eclusea0@instagram.com,Czech Republic,VP Product Management,green
2021-05-01,290,Medium,362,Alfy Binestead,Male,37,abinesteada1@ustream.tv,France,Account Representative IV,yellow
2020-03-16,386,Low,363,Grazia Uttley,Female,87,guttleya2@upenn.edu,Jamaica,Financial Analyst,blue
2020-01-28,392,Low,364,Cassey Sellwood,Female,51,csellwooda3@tamu.edu,Tanzania,Analyst Programmer,yellow
2020-06-27,80,Low,365,Avivah Sizeland,Female,72,asizelanda4@tripod.com,Venezuela,Geological Engineer,blue
2021-01-05,10,High,366,Dael Jacquemy,Agender,22,djacquemya5@utexas.edu,Japan,Human Resources Manager,green
2021-03-13,347,Low,367,Andreas Gauch,Male,73,agaucha6@dailymail.co.uk,Ukraine,Project Manager,purple
2020-01-14,953,High,368,Rochell Kempe,Female,45,rkempea7@abc.net.au,China,Speech Pathologist,blue
2021-07-23,617,High,369,Brianne McGreal,Female,49,bmcgreala8@cbc.ca,Russia,Internal Auditor,yellow
2021-05-20,309,Low,370,Iorgos Schulkins,Male,62,ischulkinsa9@vimeo.com,Indonesia,Desktop Support Technician,purple
2021-09-22,329,Medium,371,Raphael Sitlinton,Male,34,rsitlintonaa@cisco.com,Poland,Help Desk Operator,yellow
2021-08-07,735,Medium,372,Alix Heselwood,Male,68,aheselwoodab@umich.edu,Portugal,Electrical Engineer,green
2020-07-26,22,High,373,Buffy Longhurst,Polygender,62,blonghurstac@cisco.com,Colombia,Senior Quality Engineer,yellow
2020-06-24,926,Medium,374,Annnora Atty,Female,28,aattyad@theglobeandmail.com,Brazil,Executive Secretary,red
2020-07-11,726,High,375,Ingra Gaiter,Male,21,igaiterae@webeden.co.uk,Sweden,Editor,blue
2020-06-06,431,Medium,376,Agnese Luce,Female,23,aluceaf@imageshack.us,Mongolia,Sales Associate,blue
2020-09-21,673,High,377,Giacobo Grishanov,Male,90,ggrishanovag@mac.com,Peru,Health Coach II,purple
2020-03-13,749,Medium,378,Bond Crock,Male,26,bcrockah@technorati.com,Brazil,Recruiting Manager,blue
2021-03-26,126,High,379,Alyce Greenhall,Female,21,agreenhallai@netlog.com,South Africa,Project Manager,yellow
2020-02-27,613,Low,380,Jolyn Bracco,Female,61,jbraccoaj@istockphoto.com,China,Nurse,yellow
2020-03-23,755,Low,381,Kalli Haycraft,Female,43,khaycraftak@goodreads.com,Poland,Analyst Programmer,purple
2021-06-19,927,Medium,382,Salem Bradmore,Male,54,sbradmoreal@hatena.ne.jp,China,Chemical Engineer,yellow
2020-01-13,793,Low,383,Edan Bernhart,Male,41,ebernhartam@youtu.be,China,Paralegal,green
2020-09-24,728,Low,384,Obed Simison,Male,83,osimisonan@nyu.edu,United States,Human Resources Manager,purple
2021-05-30,851,Low,385,Steffen Maha,Male,74,smahaao@odnoklassniki.ru,China,Graphic Designer,purple
2021-06-13,931,High,386,Pollyanna Churchyard,Female,75,pchurchyardap@bluehost.com,Russia,Food Chemist,green
2020-12-27,861,Medium,387,Albrecht Blackford,Male,94,ablackfordaq@europa.eu,China,Executive Secretary,purple
2020-09-21,722,Medium,388,Valdemar Bubbins,Male,23,vbubbinsar@lulu.com,Palestinian Territory,Food Chemist,purple
2020-12-06,956,High,389,Merle Grigore,Female,34,mgrigoreas@weibo.com,Philippines,Senior Financial Analyst,yellow
2021-09-25,365,Medium,390,Ann Lowrey,Female,59,alowreyat@eepurl.com,China,Research Nurse,yellow
2021-11-19,313,Low,391,Storm Deakin,Female,79,sdeakinau@skype.com,Philippines,Project Manager,yellow
2021-01-12,176,High,392,Sterne Absolom,Male,92,sabsolomav@ca.gov,Syria,Human Resources Assistant I,green
2021-11-12,802,Medium,393,Shellysheldon Braffington,Male,39,sbraffingtonaw@ow.ly,Egypt,Software Engineer I,blue
2021-03-15,452,Medium,394,Alfonse Lincey,Male,81,alinceyax@un.org,Indonesia,VP Product Management,purple
2020-05-15,340,Low,395,Garvy Pilfold,Male,92,gpilfolday@psu.edu,Ukraine,Financial Analyst,red
2021-08-09,158,Low,396,Eleanora MacCurley,Female,39,emaccurleyaz@npr.org,Hong Kong,Software Engineer IV,green
2021-11-07,968,Medium,397,Obediah Angrove,Male,76,oangroveb0@intel.com,China,Civil Engineer,red
2021-06-26,209,Medium,398,Desirae Barbrook,Female,57,dbarbrookb1@homestead.com,Philippines,VP Accounting,red
2020-07-04,845,Medium,399,Alecia Ruthven,Female,73,aruthvenb2@drupal.org,Poland,Marketing Assistant,red
2021-08-11,172,High,400,Lita Bangley,Female,37,lbangleyb3@zdnet.com,Sudan,Geological Engineer,yellow
2020-05-28,425,Low,401,Janek Philippou,Male,29,jphilippoub4@walmart.com,Russia,Senior Quality Engineer,yellow
2021-11-19,593,Medium,402,Aleta Prettjohn,Female,59,aprettjohnb5@umich.edu,United States,Assistant Professor,yellow
2021-01-14,558,High,403,Lura Hawkin,Female,74,lhawkinb6@imdb.com,Syria,Social Worker,green
2021-05-31,410,Medium,404,Dav Kernoghan,Male,83,dkernoghanb7@pbs.org,Cuba,Financial Advisor,blue
2021-08-18,359,Low,405,Maurene Plante,Female,28,mplanteb8@unc.edu,Philippines,Editor,yellow
2021-05-16,390,Low,406,Hetty Coultish,Female,84,hcoultishb9@psu.edu,United States,Media Manager II,blue
2020-10-20,322,Low,407,Zacherie Borrington,Male,96,zborringtonba@google.pl,Ecuador,Chief Design Engineer,red
2020-10-13,735,Low,408,Flossie MacCaffery,Female,69,fmaccafferybb@surveymonkey.com,Russia,Help Desk Operator,green
2020-07-11,217,Low,409,Lance Ingliby,Male,89,linglibybc@hatena.ne.jp,Panama,Media Manager IV,purple
2021-08-24,893,Low,410,Burg Smelley,Male,24,bsmelleybd@virginia.edu,Croatia,Assistant Professor,yellow
2021-11-18,579,Medium,411,Barth Donativo,Agender,91,bdonativobe@addthis.com,Indonesia,Budget/Accounting Analyst IV,red
2020-03-07,780,Low,412,Michele Pettwood,Female,20,mpettwoodbf@ezinearticles.com,Russia,Geologist IV,blue
2021-10-01,411,Low,413,L;urette Krout,Female,34,lkroutbg@hud.gov,Slovenia,Clinical Specialist,blue
2020-11-26,982,Low,414,Corny Mingasson,Male,50,cmingassonbh@oakley.com,Greece,Account Coordinator,purple
2020-04-16,545,Medium,415,Elka Breslau,Female,31,ebreslaubi@xinhuanet.com,Bosnia and Herzegovina,Help Desk Technician,red
2021-04-11,831,High,416,Nickie Doherty,Female,19,ndohertybj@delicious.com,France,Engineer I,yellow
2020-06-20,450,Low,417,Torrence Tosspell,Male,30,ttosspellbk@woothemes.com,Democratic Republic of the Congo,Human Resources Manager,yellow
2021-09-01,822,High,418,Arron Grigolon,Male,27,agrigolonbl@unesco.org,China,Information Systems Manager,yellow
2021-06-07,116,Medium,419,Kit Borley,Female,40,kborleybm@apple.com,Poland,Budget/Accounting Analyst III,green
2021-01-09,343,Low,420,Brucie Melling,Male,84,bmellingbn@tinyurl.com,Indonesia,Director of Sales,purple
2020-04-09,712,Low,421,Hobie Suter,Male,33,hsuterbo@independent.co.uk,Russia,Media Manager I,yellow
2020-10-19,261,Medium,422,Gabbie Samuels,Female,18,gsamuelsbp@yandex.ru,Philippines,Design Engineer,blue
2020-08-14,747,Low,423,Rand Exer,Male,25,rexerbq@engadget.com,Vietnam,Human Resources Manager,yellow
2021-11-16,442,Low,424,Marris Fries,Female,93,mfriesbr@cbslocal.com,Palestinian Territory,Assistant Media Planner,purple
2020-05-07,778,High,425,Byrann Saiger,Male,79,bsaigerbs@creativecommons.org,Guatemala,Accountant III,purple
2020-06-06,204,High,426,Dido Manneville,Female,54,dmannevillebt@comsenz.com,China,Financial Advisor,yellow
2021-11-18,947,High,427,Myrwyn Gillott,Male,28,mgillottbu@si.edu,China,Mechanical Systems Engineer,green
2020-09-30,970,Medium,428,Toddie Wallhead,Male,20,twallheadbv@theglobeandmail.com,Kazakhstan,Paralegal,red
2020-12-29,164,Low,429,Stearn Cookson,Male,92,scooksonbw@arizona.edu,Moldova,Senior Editor,red
2021-01-01,50,Low,430,Phoebe Bratten,Female,44,pbrattenbx@multiply.com,Nicaragua,Quality Control Specialist,red
2021-12-02,866,High,431,Gelya Rablen,Female,50,grablenby@prlog.org,Philippines,Sales Associate,red
2021-04-29,956,Medium,432,Shir Leppard,Female,28,sleppardbz@flickr.com,Russia,Staff Scientist,green
2020-10-03,749,High,433,Lyndsie Doxsey,Female,67,ldoxseyc0@tripadvisor.com,Indonesia,Software Engineer IV,red
2020-07-07,69,Medium,434,Carry Lilleyman,Female,56,clilleymanc1@ed.gov,Ireland,Compensation Analyst,blue
2021-11-05,182,Medium,435,Shelton Barnfather,Male,49,sbarnfatherc2@list-manage.com,Philippines,Occupational Therapist,blue
2021-10-25,450,Medium,436,Adelaide Eskriet,Female,75,aeskrietc3@sciencedaily.com,Greece,Speech Pathologist,blue
2020-01-29,87,Low,437,Abie Maylour,Male,65,amaylourc4@myspace.com,China,Librarian,purple
2021-09-10,831,High,438,Kriste Eldredge,Female,69,keldredgec5@linkedin.com,China,Internal Auditor,red
2021-06-01,678,High,439,Mayer Benaine,Male,63,mbenainec6@biblegateway.com,Indonesia,Legal Assistant,red
2020-12-20,608,Medium,440,Torey Langlais,Female,99,tlanglaisc7@hhs.gov,Comoros,Programmer Analyst III,purple
2021-09-19,995,High,441,Madeline Anchor,Female,73,manchorc8@php.net,Thailand,Recruiting Manager,red
2021-12-09,466,High,442,Hayyim Allatt,Male,75,hallattc9@toplist.cz,Canada,Computer Systems Analyst II,green
2020-06-12,891,Low,443,Ibby Bernadon,Female,81,ibernadonca@netlog.com,China,Product Engineer,blue
2020-05-03,491,High,444,Nonie Archer,Female,38,narchercb@google.com.hk,Indonesia,Editor,green
2021-10-08,123,High,445,Langsdon Clouston,Polygender,47,lcloustoncc@army.mil,Vietnam,Structural Engineer,purple
2021-09-11,47,High,446,Walden Morphet,Male,68,wmorphetcd@over-blog.com,Ethiopia,Sales Representative,green
2020-02-26,530,High,447,Weider Danneil,Genderqueer,71,wdanneilce@sun.com,Greece,Safety Technician IV,purple
2021-08-05,717,High,448,Shep Myford,Male,73,smyfordcf@soup.io,Poland,Quality Engineer,purple
2020-08-13,314,High,449,Silvie Tutchell,Female,87,stutchellcg@slate.com,China,VP Quality Control,blue
2021-12-27,349,High,450,Darnall Oulet,Male,66,douletch@google.ru,Sierra Leone,Quality Engineer,red
2020-05-01,224,Medium,451,Dov Crawford,Male,96,dcrawfordci@yahoo.com,Poland,Help Desk Technician,purple
2021-06-13,839,High,452,Marylinda Squibe,Female,62,msquibecj@mayoclinic.com,Portugal,Accounting Assistant III,blue
2020-08-06,636,Low,453,Brittany Scholfield,Female,96,bscholfieldck@nifty.com,Finland,VP Product Management,green
2021-02-20,892,High,454,Sherlock Fownes,Male,40,sfownescl@cocolog-nifty.com,Nicaragua,Chemical Engineer,blue
2020-04-07,203,Medium,455,Englebert Marlin,Male,36,emarlincm@sitemeter.com,China,Speech Pathologist,purple
2020-08-12,384,High,456,Emmalyn Ferrillo,Female,50,eferrillocn@ycombinator.com,Russia,Programmer II,red
2021-04-30,122,Medium,457,Rance Vear,Male,33,rvearco@bluehost.com,Russia,Graphic Designer,yellow
2020-08-10,838,Low,458,Mimi Pummell,Female,67,mpummellcp@europa.eu,Greece,Media Manager III,purple
2020-12-31,240,Low,459,Donnajean Pebworth,Female,43,dpebworthcq@walmart.com,France,Research Assistant III,blue
2020-03-25,685,Medium,460,Adolphus Wiltshier,Male,43,awiltshiercr@toplist.cz,Indonesia,Systems Administrator IV,blue
2020-04-11,725,Low,461,Teirtza Besnard,Female,38,tbesnardcs@amazon.de,Ukraine,Speech Pathologist,yellow
2021-09-30,996,High,462,Tuesday MacGinney,Female,60,tmacginneyct@newyorker.com,United States,Web Developer II,blue
2021-05-08,449,Low,463,Roch Hasard,Female,68,rhasardcu@sitemeter.com,Iran,Nurse,yellow
2021-11-16,749,Medium,464,Johanna Hendrikse,Female,52,jhendriksecv@dailymotion.com,Indonesia,Help Desk Operator,blue
2021-11-28,296,High,465,Raphaela Sachno,Female,36,rsachnocw@jimdo.com,China,Occupational Therapist,green
2021-07-13,754,Medium,466,Barnie Tattersall,Male,63,btattersallcx@mayoclinic.com,Portugal,Senior Quality Engineer,purple
2020-09-12,896,Low,467,Nixie Patching,Female,97,npatchingcy@huffingtonpost.com,Colombia,Pharmacist,red
2021-10-31,804,Low,468,Sherri Elstone,Female,71,selstonecz@i2i.jp,Argentina,Administrative Assistant III,red
2020-12-08,603,Low,469,Reginauld Conyers,Male,36,rconyersd0@walmart.com,China,Nuclear Power Engineer,purple
2021-01-31,495,Medium,470,Oren MacCaig,Male,65,omaccaigd1@bing.com,Brazil,Information Systems Manager,yellow
2020-12-17,515,Low,471,Stella Kobke,Agender,55,skobked2@moonfruit.com,Indonesia,Professor,green
2020-03-21,633,Medium,472,Salli Durbyn,Female,32,sdurbynd3@amazon.de,Sweden,Legal Assistant,red
2020-11-22,633,Low,473,Bertina Brea,Female,35,bbread4@csmonitor.com,Japan,Systems Administrator I,blue
2020-08-05,695,Medium,474,Ward Cringle,Non-binary,86,wcringled5@theglobeandmail.com,Russia,Financial Advisor,red
2021-09-25,249,Low,475,Ham Dilleston,Male,85,hdillestond6@xrea.com,Portugal,Systems Administrator II,red
2021-06-21,67,Low,476,Hally Lantuff,Female,27,hlantuffd7@sina.com.cn,France,Senior Quality Engineer,blue
2021-08-01,76,Medium,477,Carlin Loncaster,Male,63,cloncasterd8@ycombinator.com,New Zealand,Health Coach III,green
2021-01-30,627,High,478,Dilly Spyvye,Male,34,dspyvyed9@sogou.com,Iran,Actuary,red
2020-04-16,59,Low,479,Trixi Brittain,Female,78,tbrittainda@hugedomains.com,Brazil,Tax Accountant,yellow
2021-11-28,941,Medium,480,Clarke Pergens,Non-binary,97,cpergensdb@mapquest.com,Indonesia,Automation Specialist III,green
2020-11-23,991,High,481,Christophe Pawnsford,Polygender,99,cpawnsforddc@admin.ch,Vietnam,Quality Engineer,red
2020-03-17,102,Medium,482,Ewart Mallen,Male,18,emallendd@timesonline.co.uk,Russia,Internal Auditor,yellow
2020-03-13,11,Medium,483,Sibley Ilyunin,Female,51,silyuninde@canalblog.com,Mongolia,Statistician II,blue
2020-02-11,861,Medium,484,Nicol Rudall,Male,90,nrudalldf@dion.ne.jp,Japan,Automation Specialist II,red
2021-02-22,524,High,485,Maighdiln Drohane,Female,51,mdrohanedg@hatena.ne.jp,Nigeria,Assistant Media Planner,red
2021-09-30,668,Low,486,Winfred Dodman,Male,31,wdodmandh@answers.com,France,Account Executive,yellow
2021-05-12,805,Medium,487,Daveta Pudsey,Female,63,dpudseydi@bandcamp.com,Norway,GIS Technical Architect,purple
2020-10-22,143,Low,488,Clark Archbold,Male,51,carchbolddj@goodreads.com,China,Financial Advisor,blue
2021-07-10,123,Medium,489,Louella Georgeou,Genderfluid,58,lgeorgeoudk@upenn.edu,Cuba,Account Representative II,green
2020-03-07,567,Medium,490,Blythe Purdy,Genderqueer,97,bpurdydl@senate.gov,Brazil,Recruiting Manager,purple
2021-05-24,846,High,491,Vernen Casswell,Male,43,vcasswelldm@xrea.com,Japan,Research Associate,blue
2021-11-09,720,Low,492,Melita Pimblett,Genderfluid,80,mpimblettdn@sfgate.com,Indonesia,Accounting Assistant III,purple
2021-04-30,53,High,493,Hedvig Syvret,Female,71,hsyvretdo@tripadvisor.com,Russia,Geologist I,blue
2020-11-25,553,Medium,494,Cecilia Heyburn,Female,48,cheyburndp@merriam-webster.com,Canada,Nurse,blue
2020-04-09,249,Low,495,Elmore Regler,Male,92,ereglerdq@list-manage.com,Bangladesh,Systems Administrator I,blue
2021-04-17,106,Medium,496,Ashlin Page,Male,49,apagedr@skype.com,Portugal,Software Test Engineer I,purple
2021-04-08,318,Low,497,Fredra Landes,Female,79,flandesds@diigo.com,China,Occupational Therapist,blue
2021-11-14,403,Medium,498,Dennet Metheringham,Male,80,dmetheringhamdt@issuu.com,Philippines,Senior Sales Associate,purple
2021-07-19,924,Low,499,Selle Grouvel,Female,88,sgrouveldu@free.fr,China,Developer III,blue
2021-05-27,433,Low,500,Wilton Jaslem,Male,71,wjaslemdv@rakuten.co.jp,Mexico,Staff Accountant II,red
